{
  "inputs": {
    "csv": "background_profile.csv",
    "columns_used": {
      "r": "r",
      "Phi": "Phi",
      "phi": "phi"
    },
    "R_peak": 5.866598428663785,
    "FWHM": 1.7511302611877524,
    "y_chi": 1.0,
    "g_portal": 2.313019,
    "xi_star": -0.15120721107004592,
    "phi_star": 0.37298117761090355,
    "Delta_prime": 0.7872034562281804
  },
  "energy_grid": {
    "Emin": 0.0,
    "Emax": 1.1785714285714286,
    "nE": 120,
    "T_reh": 0.12
  },
  "amplitude": {
    "I_vals_sample": [
      0.24824094284309392,
      0.0,
      0.0
    ],
    "f_wall_sample": [
      0.78017194378414,
      1.0,
      1.0
    ]
  },
  "lambda_tr_eff": {
    "per_E_mean": 2.238906226404658,
    "per_E_weighted_MB": 1.9673470793469205
  },
  "transport_preview": {
    "P_chi_to_B_vs_vw": {
      "0.1": 1.0,
      "0.3": 0.9999993994512114,
      "0.5": 0.9998150182102015
    },
    "nLSP_over_nB_vs_vw": {
      "0.1": 0.0,
      "0.3": 6.005491492464602e-07,
      "0.5": 0.00018501601439201647
    }
  },
  "notes": "Finite-energy WKB at the crossing xi*. Use lambda_tr_eff = per_E_weighted_MB. Then run transport_from_profile.py with that lambda and your chosen v_w."
}